[{"model": "admin.logentry", "pk": 1, "fields": {"action_time": "2021-06-15T17:08:41.981Z", "user": 1, "content_type": 10, "object_id": "1", "object_repr": "Prod object (1)", "action_flag": 1, "change_message": "[{\"added\": {}}]"}}, {"model": "admin.logentry", "pk": 2, "fields": {"action_time": "2021-06-15T17:09:05.689Z", "user": 1, "content_type": 10, "object_id": "2", "object_repr": "Prod object (2)", "action_flag": 1, "change_message": "[{\"added\": {}}]"}}, {"model": "admin.logentry", "pk": 3, "fields": {"action_time": "2021-06-15T17:09:25.804Z", "user": 1, "content_type": 10, "object_id": "3", "object_repr": "Prod object (3)", "action_flag": 1, "change_message": "[{\"added\": {}}]"}}, {"model": "admin.logentry", "pk": 4, "fields": {"action_time": "2021-06-15T17:09:40.861Z", "user": 1, "content_type": 10, "object_id": "4", "object_repr": "Prod object (4)", "action_flag": 1, "change_message": "[{\"added\": {}}]"}}, {"model": "admin.logentry", "pk": 5, "fields": {"action_time": "2021-06-15T18:14:38.580Z", "user": 1, "content_type": 10, "object_id": "5", "object_repr": "Prod object (5)", "action_flag": 1, "change_message": "[{\"added\": {}}]"}}, {"model": "admin.logentry", "pk": 6, "fields": {"action_time": "2021-06-15T18:15:28.160Z", "user": 1, "content_type": 10, "object_id": "2", "object_repr": "Prod object (2)", "action_flag": 3, "change_message": ""}}, {"model": "admin.logentry", "pk": 7, "fields": {"action_time": "2021-06-15T18:15:28.170Z", "user": 1, "content_type": 10, "object_id": "1", "object_repr": "Prod object (1)", "action_flag": 3, "change_message": ""}}, {"model": "admin.logentry", "pk": 8, "fields": {"action_time": "2021-06-15T18:15:56.085Z", "user": 1, "content_type": 10, "object_id": "6", "object_repr": "Prod object (6)", "action_flag": 1, "change_message": "[{\"added\": {}}]"}}, {"model": "admin.logentry", "pk": 9, "fields": {"action_time": "2021-06-19T20:36:08.051Z", "user": 1, "content_type": 10, "object_id": "7", "object_repr": "Prod object (7)", "action_flag": 1, "change_message": "[{\"added\": {}}]"}}, {"model": "admin.logentry", "pk": 10, "fields": {"action_time": "2021-06-19T20:42:59.296Z", "user": 1, "content_type": 10, "object_id": "7", "object_repr": "Prod object (7)", "action_flag": 2, "change_message": "[{\"changed\": {\"fields\": [\"Desc\"]}}]"}}, {"model": "admin.logentry", "pk": 11, "fields": {"action_time": "2021-06-19T20:45:46.167Z", "user": 1, "content_type": 10, "object_id": "7", "object_repr": "Prod object (7)", "action_flag": 2, "change_message": "[{\"changed\": {\"fields\": [\"Prod name\", \"Desc\", \"Category\"]}}]"}}, {"model": "admin.logentry", "pk": 12, "fields": {"action_time": "2021-06-19T21:15:13.851Z", "user": 1, "content_type": 10, "object_id": "3", "object_repr": "Prod object (3)", "action_flag": 2, "change_message": "[{\"changed\": {\"fields\": [\"Prod name\", \"Desc\", \"Category\", \"Sub category\", \"Price\"]}}]"}}, {"model": "admin.logentry", "pk": 13, "fields": {"action_time": "2021-06-19T21:16:22.930Z", "user": 1, "content_type": 10, "object_id": "4", "object_repr": "Prod object (4)", "action_flag": 2, "change_message": "[{\"changed\": {\"fields\": [\"Prod name\", \"Desc\", \"Category\", \"Sub category\", \"Price\"]}}]"}}, {"model": "admin.logentry", "pk": 14, "fields": {"action_time": "2021-06-19T21:16:33.240Z", "user": 1, "content_type": 10, "object_id": "3", "object_repr": "Prod object (3)", "action_flag": 2, "change_message": "[{\"changed\": {\"fields\": [\"Category\"]}}]"}}, {"model": "admin.logentry", "pk": 15, "fields": {"action_time": "2021-06-19T21:17:46.108Z", "user": 1, "content_type": 10, "object_id": "5", "object_repr": "Prod object (5)", "action_flag": 2, "change_message": "[{\"changed\": {\"fields\": [\"Prod name\", \"Desc\", \"Category\", \"Sub category\", \"Price\"]}}]"}}, {"model": "admin.logentry", "pk": 16, "fields": {"action_time": "2021-06-19T21:18:27.170Z", "user": 1, "content_type": 10, "object_id": "6", "object_repr": "Prod object (6)", "action_flag": 2, "change_message": "[{\"changed\": {\"fields\": [\"Prod name\", \"Desc\", \"Category\", \"Sub category\", \"Price\"]}}]"}}, {"model": "admin.logentry", "pk": 17, "fields": {"action_time": "2021-06-19T21:19:22.879Z", "user": 1, "content_type": 10, "object_id": "7", "object_repr": "Prod object (7)", "action_flag": 2, "change_message": "[{\"changed\": {\"fields\": [\"Prod name\", \"Desc\", \"Category\", \"Sub category\", \"Price\"]}}]"}}, {"model": "admin.logentry", "pk": 18, "fields": {"action_time": "2021-06-19T21:22:07.201Z", "user": 1, "content_type": 10, "object_id": "8", "object_repr": "Prod object (8)", "action_flag": 1, "change_message": "[{\"added\": {}}]"}}, {"model": "admin.logentry", "pk": 19, "fields": {"action_time": "2021-06-19T21:23:41.095Z", "user": 1, "content_type": 10, "object_id": "6", "object_repr": "Prod object (6)", "action_flag": 2, "change_message": "[{\"changed\": {\"fields\": [\"Prod name\"]}}]"}}, {"model": "admin.logentry", "pk": 20, "fields": {"action_time": "2021-06-19T21:29:31.210Z", "user": 1, "content_type": 10, "object_id": "9", "object_repr": "Prod object (9)", "action_flag": 1, "change_message": "[{\"added\": {}}]"}}, {"model": "admin.logentry", "pk": 21, "fields": {"action_time": "2021-06-19T21:30:48.409Z", "user": 1, "content_type": 10, "object_id": "10", "object_repr": "Prod object (10)", "action_flag": 1, "change_message": "[{\"added\": {}}]"}}, {"model": "admin.logentry", "pk": 22, "fields": {"action_time": "2021-06-19T21:31:22.920Z", "user": 1, "content_type": 10, "object_id": "11", "object_repr": "Prod object (11)", "action_flag": 1, "change_message": "[{\"added\": {}}]"}}, {"model": "admin.logentry", "pk": 23, "fields": {"action_time": "2021-06-19T21:32:51.708Z", "user": 1, "content_type": 10, "object_id": "12", "object_repr": "Prod object (12)", "action_flag": 1, "change_message": "[{\"added\": {}}]"}}, {"model": "admin.logentry", "pk": 24, "fields": {"action_time": "2021-06-19T21:36:23.717Z", "user": 1, "content_type": 10, "object_id": "13", "object_repr": "Prod object (13)", "action_flag": 1, "change_message": "[{\"added\": {}}]"}}, {"model": "auth.permission", "pk": 1, "fields": {"name": "Can add log entry", "content_type": 1, "codename": "add_logentry"}}, {"model": "auth.permission", "pk": 2, "fields": {"name": "Can change log entry", "content_type": 1, "codename": "change_logentry"}}, {"model": "auth.permission", "pk": 3, "fields": {"name": "Can delete log entry", "content_type": 1, "codename": "delete_logentry"}}, {"model": "auth.permission", "pk": 4, "fields": {"name": "Can view log entry", "content_type": 1, "codename": "view_logentry"}}, {"model": "auth.permission", "pk": 5, "fields": {"name": "Can add permission", "content_type": 2, "codename": "add_permission"}}, {"model": "auth.permission", "pk": 6, "fields": {"name": "Can change permission", "content_type": 2, "codename": "change_permission"}}, {"model": "auth.permission", "pk": 7, "fields": {"name": "Can delete permission", "content_type": 2, "codename": "delete_permission"}}, {"model": "auth.permission", "pk": 8, "fields": {"name": "Can view permission", "content_type": 2, "codename": "view_permission"}}, {"model": "auth.permission", "pk": 9, "fields": {"name": "Can add group", "content_type": 3, "codename": "add_group"}}, {"model": "auth.permission", "pk": 10, "fields": {"name": "Can change group", "content_type": 3, "codename": "change_group"}}, {"model": "auth.permission", "pk": 11, "fields": {"name": "Can delete group", "content_type": 3, "codename": "delete_group"}}, {"model": "auth.permission", "pk": 12, "fields": {"name": "Can view group", "content_type": 3, "codename": "view_group"}}, {"model": "auth.permission", "pk": 13, "fields": {"name": "Can add content type", "content_type": 4, "codename": "add_contenttype"}}, {"model": "auth.permission", "pk": 14, "fields": {"name": "Can change content type", "content_type": 4, "codename": "change_contenttype"}}, {"model": "auth.permission", "pk": 15, "fields": {"name": "Can delete content type", "content_type": 4, "codename": "delete_contenttype"}}, {"model": "auth.permission", "pk": 16, "fields": {"name": "Can view content type", "content_type": 4, "codename": "view_contenttype"}}, {"model": "auth.permission", "pk": 17, "fields": {"name": "Can add session", "content_type": 5, "codename": "add_session"}}, {"model": "auth.permission", "pk": 18, "fields": {"name": "Can change session", "content_type": 5, "codename": "change_session"}}, {"model": "auth.permission", "pk": 19, "fields": {"name": "Can delete session", "content_type": 5, "codename": "delete_session"}}, {"model": "auth.permission", "pk": 20, "fields": {"name": "Can view session", "content_type": 5, "codename": "view_session"}}, {"model": "auth.permission", "pk": 21, "fields": {"name": "Can add new user", "content_type": 6, "codename": "add_newuser"}}, {"model": "auth.permission", "pk": 22, "fields": {"name": "Can change new user", "content_type": 6, "codename": "change_newuser"}}, {"model": "auth.permission", "pk": 23, "fields": {"name": "Can delete new user", "content_type": 6, "codename": "delete_newuser"}}, {"model": "auth.permission", "pk": 24, "fields": {"name": "Can view new user", "content_type": 6, "codename": "view_newuser"}}, {"model": "auth.permission", "pk": 25, "fields": {"name": "Can add blacklisted token", "content_type": 7, "codename": "add_blacklistedtoken"}}, {"model": "auth.permission", "pk": 26, "fields": {"name": "Can change blacklisted token", "content_type": 7, "codename": "change_blacklistedtoken"}}, {"model": "auth.permission", "pk": 27, "fields": {"name": "Can delete blacklisted token", "content_type": 7, "codename": "delete_blacklistedtoken"}}, {"model": "auth.permission", "pk": 28, "fields": {"name": "Can view blacklisted token", "content_type": 7, "codename": "view_blacklistedtoken"}}, {"model": "auth.permission", "pk": 29, "fields": {"name": "Can add outstanding token", "content_type": 8, "codename": "add_outstandingtoken"}}, {"model": "auth.permission", "pk": 30, "fields": {"name": "Can change outstanding token", "content_type": 8, "codename": "change_outstandingtoken"}}, {"model": "auth.permission", "pk": 31, "fields": {"name": "Can delete outstanding token", "content_type": 8, "codename": "delete_outstandingtoken"}}, {"model": "auth.permission", "pk": 32, "fields": {"name": "Can view outstanding token", "content_type": 8, "codename": "view_outstandingtoken"}}, {"model": "auth.permission", "pk": 33, "fields": {"name": "Can add contact", "content_type": 9, "codename": "add_contact"}}, {"model": "auth.permission", "pk": 34, "fields": {"name": "Can change contact", "content_type": 9, "codename": "change_contact"}}, {"model": "auth.permission", "pk": 35, "fields": {"name": "Can delete contact", "content_type": 9, "codename": "delete_contact"}}, {"model": "auth.permission", "pk": 36, "fields": {"name": "Can view contact", "content_type": 9, "codename": "view_contact"}}, {"model": "auth.permission", "pk": 37, "fields": {"name": "Can add prod", "content_type": 10, "codename": "add_prod"}}, {"model": "auth.permission", "pk": 38, "fields": {"name": "Can change prod", "content_type": 10, "codename": "change_prod"}}, {"model": "auth.permission", "pk": 39, "fields": {"name": "Can delete prod", "content_type": 10, "codename": "delete_prod"}}, {"model": "auth.permission", "pk": 40, "fields": {"name": "Can view prod", "content_type": 10, "codename": "view_prod"}}, {"model": "contenttypes.contenttype", "pk": 1, "fields": {"app_label": "admin", "model": "logentry"}}, {"model": "contenttypes.contenttype", "pk": 2, "fields": {"app_label": "auth", "model": "permission"}}, {"model": "contenttypes.contenttype", "pk": 3, "fields": {"app_label": "auth", "model": "group"}}, {"model": "contenttypes.contenttype", "pk": 4, "fields": {"app_label": "contenttypes", "model": "contenttype"}}, {"model": "contenttypes.contenttype", "pk": 5, "fields": {"app_label": "sessions", "model": "session"}}, {"model": "contenttypes.contenttype", "pk": 6, "fields": {"app_label": "user", "model": "newuser"}}, {"model": "contenttypes.contenttype", "pk": 7, "fields": {"app_label": "token_blacklist", "model": "blacklistedtoken"}}, {"model": "contenttypes.contenttype", "pk": 8, "fields": {"app_label": "token_blacklist", "model": "outstandingtoken"}}, {"model": "contenttypes.contenttype", "pk": 9, "fields": {"app_label": "data", "model": "contact"}}, {"model": "contenttypes.contenttype", "pk": 10, "fields": {"app_label": "data", "model": "prod"}}, {"model": "sessions.session", "pk": "3ypfynaogjn2umcaazlq99jqj9j2y2s8", "fields": {"session_data": ".eJxVjDEOwjAMRe-SGUWN3SqYkZ0zRE7skAJKpaadKu4OlTrA-t97fzOB16WEtekcRjEX48zpd4ucnlp3IA-u98mmqS7zGO2u2IM2e5tEX9fD_Tso3Mq37pQo56hKqNqjRB1APSMCD-Co9xhRRUWgQ0gk7CgjeEzu7Ik5mfcHBys4kw:1lsXZV:awTjVTM9AcyXyZcZ34lmIlii2285t-NtfA9hReb7JRA", "expire_date": "2021-06-27T21:23:09.074Z"}}, {"model": "sessions.session", "pk": "t4bthvtxbcgszhk69zc8jx0qh9yzuv3b", "fields": {"session_data": ".eJxVjDEOwjAMRe-SGUWN3SqYkZ0zRE7skAJKpaadKu4OlTrA-t97fzOB16WEtekcRjEX48zpd4ucnlp3IA-u98mmqS7zGO2u2IM2e5tEX9fD_Tso3Mq37pQo56hKqNqjRB1APSMCD-Co9xhRRUWgQ0gk7CgjeEzu7Ik5mfcHBys4kw:1lxwKh:6pJJQkvdFL6R4ifYF8cq_aZVw736jpPWSyG24KNuTec", "expire_date": "2021-07-12T18:50:11.761Z"}}, {"model": "user.newuser", "pk": 1, "fields": {"password": "pbkdf2_sha256$260000$F8uhhK75zU9nax7HsVaoDi$yJSysBkp2WUr6wbGMYMMTAo26tcECgYcObHmg+cmjZk=", "last_login": "2021-06-28T18:50:11.751Z", "is_superuser": true, "email": "ambar007gupta@gmail.com", "user_name": "ambar", "first_name": "ambar", "start_date": "2021-06-13T21:22:43.221Z", "about": "", "is_staff": true, "is_active": true, "groups": [], "user_permissions": []}}, {"model": "user.newuser", "pk": 2, "fields": {"password": "pbkdf2_sha256$260000$pjk1inpuAz95YcM066E0q1$oAPgsJBupxvCgCkMA+APzfpofQbm6/MEQi5Q+7SV1tY=", "last_login": null, "is_superuser": false, "email": "ak@gmail.com", "user_name": "ak", "first_name": "", "start_date": "2021-06-13T21:27:37.053Z", "about": "", "is_staff": false, "is_active": true, "groups": [], "user_permissions": []}}, {"model": "user.newuser", "pk": 3, "fields": {"password": "pbkdf2_sha256$260000$yxkJYlnQ8Qw8iFvE7gSGYK$gqwouByjwHE6HeHOBRvoX0Qc9I6nmUAgAT++cYCOBsg=", "last_login": null, "is_superuser": false, "email": "akh@gmail.com", "user_name": "asd", "first_name": "", "start_date": "2021-06-13T21:58:38.366Z", "about": "", "is_staff": false, "is_active": true, "groups": [], "user_permissions": []}}, {"model": "user.newuser", "pk": 4, "fields": {"password": "pbkdf2_sha256$260000$sJ7cwxDMGsQAPDYyncfFO1$yd36fpv+lED7KKzvgJD4CMU89xDZFUfgBxrTwXqLkuc=", "last_login": null, "is_superuser": false, "email": "ap@gmail.com", "user_name": "po", "first_name": "", "start_date": "2021-06-18T21:47:18.770Z", "about": "", "is_staff": false, "is_active": true, "groups": [], "user_permissions": []}}, {"model": "user.newuser", "pk": 5, "fields": {"password": "pbkdf2_sha256$260000$76IgZiunBVUGiufJUlMIBO$pd2jDCdOtMR200yRUK2NKNVsXeLLPUCidkL2nrjFgiY=", "last_login": null, "is_superuser": false, "email": "po@gmail.com", "user_name": "highbn", "first_name": "", "start_date": "2021-06-30T17:37:17.650Z", "about": "", "is_staff": false, "is_active": true, "groups": [], "user_permissions": []}}, {"model": "data.prod", "pk": 3, "fields": {"prod_name": "Men's Blue Shirt", "desc": "Good shirt , cheap price and good quality , easy to wear.", "category": "men", "sub_category": "upper", "price": 500, "image": "ecom/prod_images/mens_blue_shirt.jpg"}}, {"model": "data.prod", "pk": 4, "fields": {"prod_name": "Men's Grey Shoes", "desc": "good shoes nice to wear excellent quality.", "category": "men", "sub_category": "shoes", "price": 500, "image": "ecom/prod_images/mens_grey_shoes.jpg"}}, {"model": "data.prod", "pk": 5, "fields": {"prod_name": "Men's White Shoes", "desc": "Good quality shoes which are easy to wear and also comfortable", "category": "men", "sub_category": "shoes", "price": 600, "image": "ecom/prod_images/mens_white_shoes.jpg"}}, {"model": "data.prod", "pk": 6, "fields": {"prod_name": "Men's Trackpants", "desc": "Nice Trackpants", "category": "men", "sub_category": "lower", "price": 700, "image": "ecom/prod_images/mens_white_trackpants.jpg"}}, {"model": "data.prod", "pk": 7, "fields": {"prod_name": "Men's Brown Shoes", "desc": "good shoes nice to wear excellent quality.", "category": "men", "sub_category": "shoes", "price": 200, "image": "ecom/prod_images/men_brown_shoes_z0C6EAS.jpg"}}, {"model": "data.prod", "pk": 8, "fields": {"prod_name": "Men's Blue Jeans", "desc": "Best Quality Jeans , comfortable to wear.", "category": "men", "sub_category": "lower", "price": 400, "image": "ecom/prod_images/mens_blue_jeans_4a4hY6o.jpg"}}, {"model": "data.prod", "pk": 9, "fields": {"prod_name": "Women Black Jeans", "desc": "good jeans nice to wear excellent quality.", "category": "women", "sub_category": "lower", "price": 400, "image": "ecom/prod_images/women_black_jeans.jpg"}}, {"model": "data.prod", "pk": 10, "fields": {"prod_name": "Women Grey Shoes", "desc": "good shoes", "category": "women", "sub_category": "shoes", "price": 500, "image": "ecom/prod_images/women_grey_shoes.jpg"}}, {"model": "data.prod", "pk": 11, "fields": {"prod_name": "Women Pink Shoes", "desc": "good shoes nice to wear excellent quality.", "category": "women", "sub_category": "shoes", "price": 700, "image": "ecom/prod_images/women_pink_shoes.jpg"}}, {"model": "data.prod", "pk": 12, "fields": {"prod_name": "Women Red Shirt", "desc": "good quality shirt with nice color combination", "category": "women", "sub_category": "upper", "price": 800, "image": "ecom/prod_images/women_red_shirt.jpg"}}, {"model": "data.prod", "pk": 13, "fields": {"prod_name": "Women Yellow Shirt", "desc": "Nice color shirt , looks and feels great.", "category": "women", "sub_category": "upper", "price": 600, "image": "ecom/prod_images/women_yellow_shirt.jpg"}}, {"model": "data.contact", "pk": 1, "fields": {"first_name": "Ambar", "last_name": "Gupta", "email": "ambar007gupta@gmail.com", "country": "Panchkula", "question": "ghhghghg"}}, {"model": "data.contact", "pk": 2, "fields": {"first_name": "Am", "last_name": "Gupta", "email": "ambar007gupta@gmail.com", "country": "Panchkula", "question": "nn"}}, {"model": "data.contact", "pk": 3, "fields": {"first_name": "Amb", "last_name": "Gupta", "email": "ambar007gupta@gmail.com", "country": "Panchkula", "question": "po"}}, {"model": "data.contact", "pk": 4, "fields": {"first_name": "Ambar", "last_name": "Gupta", "email": "ambar007gupta@gmail.com", "country": "Panchkula", "question": "j"}}, {"model": "data.contact", "pk": 5, "fields": {"first_name": "Ambar", "last_name": "Gupta", "email": "ambar007gupta@gmail.com", "country": "Panchkula", "question": "jhhh"}}, {"model": "data.contact", "pk": 6, "fields": {"first_name": "Ambar", "last_name": "Gupta", "email": "ambar007gupta@gmail.com", "country": "Panchkula", "question": "po"}}, {"model": "data.contact", "pk": 7, "fields": {"first_name": "Ambar\\", "last_name": "Gupta", "email": "ambar007gupta@gmail.com", "country": "Panchkula", "question": "hhh"}}, {"model": "data.contact", "pk": 8, "fields": {"first_name": "Ambar", "last_name": "Gupta", "email": "ambar007gupta@gmail.com", "country": "Panchkula", "question": "12"}}, {"model": "data.contact", "pk": 9, "fields": {"first_name": "Ambar", "last_name": "Gupta", "email": "ambar007gupta@gmail.com", "country": "Panchkula", "question": "poi"}}, {"model": "data.contact", "pk": 10, "fields": {"first_name": "Ambar", "last_name": "Gupta", "email": "ambar007gupta@gmail.com", "country": "Panchkula", "question": "987"}}, {"model": "token_blacklist.outstandingtoken", "pk": 1, "fields": {"user": 1, "jti": "746b0551b9de4950953c446118ed4043", "token": "eyJ0eXAiOiJKV1QiLCJhbGciOiJIUzI1NiJ9.eyJ0b2tlbl90eXBlIjoicmVmcmVzaCIsImV4cCI6MTYyNDU3NDkwOSwianRpIjoiNzQ2YjA1NTFiOWRlNDk1MDk1M2M0NDYxMThlZDQwNDMiLCJ1c2VyX2lkIjoxfQ.MHvWoz5VsqgMzhU6wje09MNj_FO22jTomB6nbL5wc8s", "created_at": "2021-06-14T22:48:29.727Z", "expires_at": "2021-06-24T22:48:29Z"}}, {"model": "token_blacklist.outstandingtoken", "pk": 2, "fields": {"user": 1, "jti": "252843cbdabd48afadfd0a4785a90b65", "token": "eyJ0eXAiOiJKV1QiLCJhbGciOiJIUzI1NiJ9.eyJ0b2tlbl90eXBlIjoicmVmcmVzaCIsImV4cCI6MTYyNDU3NDk0MSwianRpIjoiMjUyODQzY2JkYWJkNDhhZmFkZmQwYTQ3ODVhOTBiNjUiLCJ1c2VyX2lkIjoxfQ.pc4j9NRowStww2gui6glQrAS4zqsM-ZV0jPe5siwjPA", "created_at": "2021-06-14T22:49:01.282Z", "expires_at": "2021-06-24T22:49:01Z"}}, {"model": "token_blacklist.outstandingtoken", "pk": 3, "fields": {"user": 1, "jti": "28903417675d48158ae42d54fac4be5a", "token": "eyJ0eXAiOiJKV1QiLCJhbGciOiJIUzI1NiJ9.eyJ0b2tlbl90eXBlIjoicmVmcmVzaCIsImV4cCI6MTYyNDU3NTIxOCwianRpIjoiMjg5MDM0MTc2NzVkNDgxNThhZTQyZDU0ZmFjNGJlNWEiLCJ1c2VyX2lkIjoxfQ.ssZW9abvh-a1_yWhbleVkwMJF7D09HS1rizxw-H7nEQ", "created_at": "2021-06-14T22:53:38.509Z", "expires_at": "2021-06-24T22:53:38Z"}}, {"model": "token_blacklist.outstandingtoken", "pk": 4, "fields": {"user": 3, "jti": "a28bd6c75d9245b4829534f72728e54d", "token": "eyJ0eXAiOiJKV1QiLCJhbGciOiJIUzI1NiJ9.eyJ0b2tlbl90eXBlIjoicmVmcmVzaCIsImV4cCI6MTYyNDU3NTU2MCwianRpIjoiYTI4YmQ2Yzc1ZDkyNDViNDgyOTUzNGY3MjcyOGU1NGQiLCJ1c2VyX2lkIjozfQ.MrwXfcwqcCPvUBBLc5X9TBYv8tD3WQCIEMuMzBtocko", "created_at": "2021-06-14T22:59:20.545Z", "expires_at": "2021-06-24T22:59:20Z"}}, {"model": "token_blacklist.outstandingtoken", "pk": 5, "fields": {"user": 2, "jti": "fca307b1fac14343b2100380b2e07846", "token": "eyJ0eXAiOiJKV1QiLCJhbGciOiJIUzI1NiJ9.eyJ0b2tlbl90eXBlIjoicmVmcmVzaCIsImV4cCI6MTYyNDU3NjI0NSwianRpIjoiZmNhMzA3YjFmYWMxNDM0M2IyMTAwMzgwYjJlMDc4NDYiLCJ1c2VyX2lkIjoyfQ.eOKwnHD94qIu1akEgyQbxkuVLKGv0l53ILK-nAzBtmY", "created_at": "2021-06-14T23:10:45.933Z", "expires_at": "2021-06-24T23:10:45Z"}}, {"model": "token_blacklist.outstandingtoken", "pk": 6, "fields": {"user": 1, "jti": "92252172020449dd8bcf39c0b0777a09", "token": "eyJ0eXAiOiJKV1QiLCJhbGciOiJIUzI1NiJ9.eyJ0b2tlbl90eXBlIjoicmVmcmVzaCIsImV4cCI6MTYyNDU3NjI4NCwianRpIjoiOTIyNTIxNzIwMjA0NDlkZDhiY2YzOWMwYjA3NzdhMDkiLCJ1c2VyX2lkIjoxfQ.jatVRl2zRe68YniZl8JU6Mq3KuA-OELtutQhEf_8lLg", "created_at": "2021-06-14T23:11:24.873Z", "expires_at": "2021-06-24T23:11:24Z"}}, {"model": "token_blacklist.outstandingtoken", "pk": 7, "fields": {"user": 1, "jti": "05b6842cc9e74620acacd613be2a70e2", "token": "eyJ0eXAiOiJKV1QiLCJhbGciOiJIUzI1NiJ9.eyJ0b2tlbl90eXBlIjoicmVmcmVzaCIsImV4cCI6MTYyNDY0NjAzNywianRpIjoiMDViNjg0MmNjOWU3NDYyMGFjYWNkNjEzYmUyYTcwZTIiLCJ1c2VyX2lkIjoxfQ.oT9Iwn_jiAE-l65vH69Y6lDoO5E-ocqYHAX0HlHbeGM", "created_at": "2021-06-15T18:33:57.112Z", "expires_at": "2021-06-25T18:33:57Z"}}, {"model": "token_blacklist.outstandingtoken", "pk": 8, "fields": {"user": 1, "jti": "1aa44bc276ab480c96b17761f6f37522", "token": "eyJ0eXAiOiJKV1QiLCJhbGciOiJIUzI1NiJ9.eyJ0b2tlbl90eXBlIjoicmVmcmVzaCIsImV4cCI6MTYyNDY0NjEwMCwianRpIjoiMWFhNDRiYzI3NmFiNDgwYzk2YjE3NzYxZjZmMzc1MjIiLCJ1c2VyX2lkIjoxfQ.2q-ossDmai7HjtwE3j62xZYC3Cx-RvdW4kiJSDjkWjA", "created_at": "2021-06-15T18:35:00.212Z", "expires_at": "2021-06-25T18:35:00Z"}}, {"model": "token_blacklist.outstandingtoken", "pk": 9, "fields": {"user": 1, "jti": "d1dab548416448e79a5e8eae44609657", "token": "eyJ0eXAiOiJKV1QiLCJhbGciOiJIUzI1NiJ9.eyJ0b2tlbl90eXBlIjoicmVmcmVzaCIsImV4cCI6MTYyNDkxNjEwOCwianRpIjoiZDFkYWI1NDg0MTY0NDhlNzlhNWU4ZWFlNDQ2MDk2NTciLCJ1c2VyX2lkIjoxfQ.EzepdNap6QkLLhNLTs3Foqlb_NJ4Tvn6hAzsiIG5TU4", "created_at": "2021-06-18T21:35:08.651Z", "expires_at": "2021-06-28T21:35:08Z"}}, {"model": "token_blacklist.outstandingtoken", "pk": 10, "fields": {"user": 1, "jti": "bcc94e1c3bed4f0a84b5729a529b2200", "token": "eyJ0eXAiOiJKV1QiLCJhbGciOiJIUzI1NiJ9.eyJ0b2tlbl90eXBlIjoicmVmcmVzaCIsImV4cCI6MTYyNDkxNjI5NywianRpIjoiYmNjOTRlMWMzYmVkNGYwYTg0YjU3MjlhNTI5YjIyMDAiLCJ1c2VyX2lkIjoxfQ.huY742UKBuoqA0VMxpOyfG0PsB3EGIA4INY6UDbvWnI", "created_at": "2021-06-18T21:38:17.676Z", "expires_at": "2021-06-28T21:38:17Z"}}, {"model": "token_blacklist.outstandingtoken", "pk": 11, "fields": {"user": 1, "jti": "6338ffb746b4467ea321b296de140cd0", "token": "eyJ0eXAiOiJKV1QiLCJhbGciOiJIUzI1NiJ9.eyJ0b2tlbl90eXBlIjoicmVmcmVzaCIsImV4cCI6MTYyNDkxNjQyOCwianRpIjoiNjMzOGZmYjc0NmI0NDY3ZWEzMjFiMjk2ZGUxNDBjZDAiLCJ1c2VyX2lkIjoxfQ.bYo9pofr1uNF3g8MvdZStvEa1ixOBlkRamwyVCLv7hE", "created_at": "2021-06-18T21:40:28.990Z", "expires_at": "2021-06-28T21:40:28Z"}}, {"model": "token_blacklist.outstandingtoken", "pk": 12, "fields": {"user": 3, "jti": "7b7d900279f44b73bd37124c00319c22", "token": "eyJ0eXAiOiJKV1QiLCJhbGciOiJIUzI1NiJ9.eyJ0b2tlbl90eXBlIjoicmVmcmVzaCIsImV4cCI6MTYyNDkxNjUwMiwianRpIjoiN2I3ZDkwMDI3OWY0NGI3M2JkMzcxMjRjMDAzMTljMjIiLCJ1c2VyX2lkIjozfQ.CM22rxjx2cBm5bpm_p49hU4Adqs1k2_bCg7TIcoUwzw", "created_at": "2021-06-18T21:41:42.459Z", "expires_at": "2021-06-28T21:41:42Z"}}, {"model": "token_blacklist.outstandingtoken", "pk": 13, "fields": {"user": 4, "jti": "4ff287db7cd6486599bba2dc3c171c3a", "token": "eyJ0eXAiOiJKV1QiLCJhbGciOiJIUzI1NiJ9.eyJ0b2tlbl90eXBlIjoicmVmcmVzaCIsImV4cCI6MTYyNDkxNjg2OCwianRpIjoiNGZmMjg3ZGI3Y2Q2NDg2NTk5YmJhMmRjM2MxNzFjM2EiLCJ1c2VyX2lkIjo0fQ.rGWzXt6qM9YNk1av38tTPd2K9T5Uh7zbiP_MxwUPGEU", "created_at": "2021-06-18T21:47:48.274Z", "expires_at": "2021-06-28T21:47:48Z"}}, {"model": "token_blacklist.outstandingtoken", "pk": 14, "fields": {"user": 1, "jti": "e79949f6aa574be0b4cf85b31313e6c2", "token": "eyJ0eXAiOiJKV1QiLCJhbGciOiJIUzI1NiJ9.eyJ0b2tlbl90eXBlIjoicmVmcmVzaCIsImV4cCI6MTYyNDkxNzEyOSwianRpIjoiZTc5OTQ5ZjZhYTU3NGJlMGI0Y2Y4NWIzMTMxM2U2YzIiLCJ1c2VyX2lkIjoxfQ.aJdsjFaCu7dR_snjmn323JXJOmGMnIPYyrB57a6id7Q", "created_at": "2021-06-18T21:52:09.359Z", "expires_at": "2021-06-28T21:52:09Z"}}, {"model": "token_blacklist.outstandingtoken", "pk": 15, "fields": {"user": 1, "jti": "97bcef6cdfd24e1395f2867d37f9cd00", "token": "eyJ0eXAiOiJKV1QiLCJhbGciOiJIUzI1NiJ9.eyJ0b2tlbl90eXBlIjoicmVmcmVzaCIsImV4cCI6MTYyNDkxODQ4OSwianRpIjoiOTdiY2VmNmNkZmQyNGUxMzk1ZjI4NjdkMzdmOWNkMDAiLCJ1c2VyX2lkIjoxfQ.qORiiSExGrbTzg5NseOHkqSmR2Dh1sKI2wpPNcp1ZJo", "created_at": "2021-06-18T22:14:49.259Z", "expires_at": "2021-06-28T22:14:49Z"}}, {"model": "token_blacklist.outstandingtoken", "pk": 16, "fields": {"user": 1, "jti": "5ff5555a7e3d47c9ace3b7fc52bffaac", "token": "eyJ0eXAiOiJKV1QiLCJhbGciOiJIUzI1NiJ9.eyJ0b2tlbl90eXBlIjoicmVmcmVzaCIsImV4cCI6MTYyNDkxODU2NywianRpIjoiNWZmNTU1NWE3ZTNkNDdjOWFjZTNiN2ZjNTJiZmZhYWMiLCJ1c2VyX2lkIjoxfQ.d4th9h20bJIY-oACyxfdVFdc9rTeXl2te_aVfnHM3t0", "created_at": "2021-06-18T22:16:07.559Z", "expires_at": "2021-06-28T22:16:07Z"}}, {"model": "token_blacklist.outstandingtoken", "pk": 17, "fields": {"user": 1, "jti": "ff39063901ee488c810076da7017a518", "token": "eyJ0eXAiOiJKV1QiLCJhbGciOiJIUzI1NiJ9.eyJ0b2tlbl90eXBlIjoicmVmcmVzaCIsImV4cCI6MTYyNDkyMDYwOSwianRpIjoiZmYzOTA2MzkwMWVlNDg4YzgxMDA3NmRhNzAxN2E1MTgiLCJ1c2VyX2lkIjoxfQ.DlECi-RnLo1IKpWo_q6fwb30aaHhpy01dfa5yyLB1ME", "created_at": "2021-06-18T22:50:09.433Z", "expires_at": "2021-06-28T22:50:09Z"}}, {"model": "token_blacklist.outstandingtoken", "pk": 18, "fields": {"user": 1, "jti": "c56dc2a834ee421d9c50dcadb40ce2e0", "token": "eyJ0eXAiOiJKV1QiLCJhbGciOiJIUzI1NiJ9.eyJ0b2tlbl90eXBlIjoicmVmcmVzaCIsImV4cCI6MTYyNDkyMDczOSwianRpIjoiYzU2ZGMyYTgzNGVlNDIxZDljNTBkY2FkYjQwY2UyZTAiLCJ1c2VyX2lkIjoxfQ.Yp76f21wfgIMGJ9Wy5qdXxwyGR7TeHgzuG315IRaNkI", "created_at": "2021-06-18T22:52:19.137Z", "expires_at": "2021-06-28T22:52:19Z"}}, {"model": "token_blacklist.outstandingtoken", "pk": 19, "fields": {"user": 1, "jti": "ab30f81e118f453dabdbe3a8a1ee6d54", "token": "eyJ0eXAiOiJKV1QiLCJhbGciOiJIUzI1NiJ9.eyJ0b2tlbl90eXBlIjoicmVmcmVzaCIsImV4cCI6MTYyNDkyMDc2MSwianRpIjoiYWIzMGY4MWUxMThmNDUzZGFiZGJlM2E4YTFlZTZkNTQiLCJ1c2VyX2lkIjoxfQ.daFZdY0JbqpHhWLjzy6WkoBdBf7mAqh6P1I4YwEWP-o", "created_at": "2021-06-18T22:52:41.330Z", "expires_at": "2021-06-28T22:52:41Z"}}, {"model": "token_blacklist.outstandingtoken", "pk": 20, "fields": {"user": 1, "jti": "a8348caf60784a70806b0164612162fd", "token": "eyJ0eXAiOiJKV1QiLCJhbGciOiJIUzI1NiJ9.eyJ0b2tlbl90eXBlIjoicmVmcmVzaCIsImV4cCI6MTYyNDk5MTQ4NSwianRpIjoiYTgzNDhjYWY2MDc4NGE3MDgwNmIwMTY0NjEyMTYyZmQiLCJ1c2VyX2lkIjoxfQ.T2LY55kc_puZM6bsxBMGbeDsfHygfdVKGQ9GbAhKUas", "created_at": "2021-06-19T18:31:25.566Z", "expires_at": "2021-06-29T18:31:25Z"}}, {"model": "token_blacklist.outstandingtoken", "pk": 21, "fields": {"user": 1, "jti": "b79426a742c949379a3ae886d2d1e170", "token": "eyJ0eXAiOiJKV1QiLCJhbGciOiJIUzI1NiJ9.eyJ0b2tlbl90eXBlIjoicmVmcmVzaCIsImV4cCI6MTYyNDk5MTUxMywianRpIjoiYjc5NDI2YTc0MmM5NDkzNzlhM2FlODg2ZDJkMWUxNzAiLCJ1c2VyX2lkIjoxfQ.4mfymNiIdbXCG0wCXGMqXzL2wBjZbHl6buBzzKVnyT0", "created_at": "2021-06-19T18:31:53.029Z", "expires_at": "2021-06-29T18:31:53Z"}}, {"model": "token_blacklist.outstandingtoken", "pk": 22, "fields": {"user": 1, "jti": "00b14332cc2d40aab6714269cc9adedf", "token": "eyJ0eXAiOiJKV1QiLCJhbGciOiJIUzI1NiJ9.eyJ0b2tlbl90eXBlIjoicmVmcmVzaCIsImV4cCI6MTYyNDk5MTU5MSwianRpIjoiMDBiMTQzMzJjYzJkNDBhYWI2NzE0MjY5Y2M5YWRlZGYiLCJ1c2VyX2lkIjoxfQ.Fx-6Ee985K2eJul8BWJCX3n3iJZP7uanT7K3XtMZz6M", "created_at": "2021-06-19T18:33:11.926Z", "expires_at": "2021-06-29T18:33:11Z"}}, {"model": "token_blacklist.outstandingtoken", "pk": 23, "fields": {"user": 1, "jti": "a21e4cdd36084e2eb54d3eccc3f30e3b", "token": "eyJ0eXAiOiJKV1QiLCJhbGciOiJIUzI1NiJ9.eyJ0b2tlbl90eXBlIjoicmVmcmVzaCIsImV4cCI6MTYyNDk5MTYxOCwianRpIjoiYTIxZTRjZGQzNjA4NGUyZWI1NGQzZWNjYzNmMzBlM2IiLCJ1c2VyX2lkIjoxfQ.g3cIp6NHCjMR_-senjYONJnrNZDm577pDPlXD9NqkVg", "created_at": "2021-06-19T18:33:38.530Z", "expires_at": "2021-06-29T18:33:38Z"}}, {"model": "token_blacklist.outstandingtoken", "pk": 24, "fields": {"user": 1, "jti": "09ecb80fc16543418b2ff816de4a486d", "token": "eyJ0eXAiOiJKV1QiLCJhbGciOiJIUzI1NiJ9.eyJ0b2tlbl90eXBlIjoicmVmcmVzaCIsImV4cCI6MTYyNDk5MTc2NSwianRpIjoiMDllY2I4MGZjMTY1NDM0MThiMmZmODE2ZGU0YTQ4NmQiLCJ1c2VyX2lkIjoxfQ.yjue2tweAgsZuoEpsLYRS1MoNT29vpdIVqA9eMWz0rk", "created_at": "2021-06-19T18:36:05.896Z", "expires_at": "2021-06-29T18:36:05Z"}}, {"model": "token_blacklist.outstandingtoken", "pk": 25, "fields": {"user": 1, "jti": "2d74ec99d2e2421a9c215e66ca2eee78", "token": "eyJ0eXAiOiJKV1QiLCJhbGciOiJIUzI1NiJ9.eyJ0b2tlbl90eXBlIjoicmVmcmVzaCIsImV4cCI6MTYyNDk5MjUyMiwianRpIjoiMmQ3NGVjOTlkMmUyNDIxYTljMjE1ZTY2Y2EyZWVlNzgiLCJ1c2VyX2lkIjoxfQ.-Y0Kb_7uklx-I7--CY2DYz2esHbMDhqXKHCcQG0B45k", "created_at": "2021-06-19T18:48:42.332Z", "expires_at": "2021-06-29T18:48:42Z"}}, {"model": "token_blacklist.outstandingtoken", "pk": 26, "fields": {"user": 1, "jti": "1dfda74f75214f41b4bc5df0558cc7d7", "token": "eyJ0eXAiOiJKV1QiLCJhbGciOiJIUzI1NiJ9.eyJ0b2tlbl90eXBlIjoicmVmcmVzaCIsImV4cCI6MTYyNDk5MjU2OSwianRpIjoiMWRmZGE3NGY3NTIxNGY0MWI0YmM1ZGYwNTU4Y2M3ZDciLCJ1c2VyX2lkIjoxfQ.KHzYzoiSEDP77xtSb0lWjrLDQMmG7vaJssfB4K25nSM", "created_at": "2021-06-19T18:49:29.628Z", "expires_at": "2021-06-29T18:49:29Z"}}, {"model": "token_blacklist.outstandingtoken", "pk": 27, "fields": {"user": 1, "jti": "3b5098b9461a4209a6d7a2810b41cb59", "token": "eyJ0eXAiOiJKV1QiLCJhbGciOiJIUzI1NiJ9.eyJ0b2tlbl90eXBlIjoicmVmcmVzaCIsImV4cCI6MTYyNDk5MjYyMCwianRpIjoiM2I1MDk4Yjk0NjFhNDIwOWE2ZDdhMjgxMGI0MWNiNTkiLCJ1c2VyX2lkIjoxfQ.PC8dBx9y3R6ttVANxXvSZmvyP18MgdReHXjxI7mW8IM", "created_at": "2021-06-19T18:50:20.653Z", "expires_at": "2021-06-29T18:50:20Z"}}, {"model": "token_blacklist.outstandingtoken", "pk": 28, "fields": {"user": 1, "jti": "92ccd21816f34a99a2887550da1cb827", "token": "eyJ0eXAiOiJKV1QiLCJhbGciOiJIUzI1NiJ9.eyJ0b2tlbl90eXBlIjoicmVmcmVzaCIsImV4cCI6MTYyNDk5MjY2NSwianRpIjoiOTJjY2QyMTgxNmYzNGE5OWEyODg3NTUwZGExY2I4MjciLCJ1c2VyX2lkIjoxfQ.sb0Xi5djEDwyk9xuh_gbFLIgh7niTR_5F9BMGucVjdg", "created_at": "2021-06-19T18:51:05.654Z", "expires_at": "2021-06-29T18:51:05Z"}}, {"model": "token_blacklist.outstandingtoken", "pk": 29, "fields": {"user": 1, "jti": "368e5d6b7f954dcaaf6dde1fbe464f7d", "token": "eyJ0eXAiOiJKV1QiLCJhbGciOiJIUzI1NiJ9.eyJ0b2tlbl90eXBlIjoicmVmcmVzaCIsImV4cCI6MTYyNDk5MjcyMCwianRpIjoiMzY4ZTVkNmI3Zjk1NGRjYWFmNmRkZTFmYmU0NjRmN2QiLCJ1c2VyX2lkIjoxfQ.GfgL_0ynVaccGMtTtGKul0SVIrHuIJVyhFwN-A6uyTo", "created_at": "2021-06-19T18:52:00.316Z", "expires_at": "2021-06-29T18:52:00Z"}}, {"model": "token_blacklist.outstandingtoken", "pk": 30, "fields": {"user": 1, "jti": "e3f64d5fee514d6e8be5564a89e2bf6d", "token": "eyJ0eXAiOiJKV1QiLCJhbGciOiJIUzI1NiJ9.eyJ0b2tlbl90eXBlIjoicmVmcmVzaCIsImV4cCI6MTYyNDk5MjgyMSwianRpIjoiZTNmNjRkNWZlZTUxNGQ2ZThiZTU1NjRhODllMmJmNmQiLCJ1c2VyX2lkIjoxfQ.vK-fvz6W6G5-3GpNF19rH0eH9why2M1_CYHEthVYOFY", "created_at": "2021-06-19T18:53:41.767Z", "expires_at": "2021-06-29T18:53:41Z"}}, {"model": "token_blacklist.outstandingtoken", "pk": 31, "fields": {"user": 1, "jti": "cb3ab7ec5f6a457696bb9aa91f7f587f", "token": "eyJ0eXAiOiJKV1QiLCJhbGciOiJIUzI1NiJ9.eyJ0b2tlbl90eXBlIjoicmVmcmVzaCIsImV4cCI6MTYyNDk5Mjg0NiwianRpIjoiY2IzYWI3ZWM1ZjZhNDU3Njk2YmI5YWE5MWY3ZjU4N2YiLCJ1c2VyX2lkIjoxfQ.IOe54F46amTptssBFToHXFz2p9GxP9yPd1Aak-__MBI", "created_at": "2021-06-19T18:54:06.311Z", "expires_at": "2021-06-29T18:54:06Z"}}, {"model": "token_blacklist.outstandingtoken", "pk": 32, "fields": {"user": 1, "jti": "da91ff02f3d04b108178750edcde9237", "token": "eyJ0eXAiOiJKV1QiLCJhbGciOiJIUzI1NiJ9.eyJ0b2tlbl90eXBlIjoicmVmcmVzaCIsImV4cCI6MTYyNDk5MjkxNywianRpIjoiZGE5MWZmMDJmM2QwNGIxMDgxNzg3NTBlZGNkZTkyMzciLCJ1c2VyX2lkIjoxfQ.AAKYWNky5MVx3wm1xiSxPlqKe3EHmxO7NM0K86xc8zQ", "created_at": "2021-06-19T18:55:17.472Z", "expires_at": "2021-06-29T18:55:17Z"}}, {"model": "token_blacklist.outstandingtoken", "pk": 33, "fields": {"user": 1, "jti": "f152e5323a6144d2a286766c67303428", "token": "eyJ0eXAiOiJKV1QiLCJhbGciOiJIUzI1NiJ9.eyJ0b2tlbl90eXBlIjoicmVmcmVzaCIsImV4cCI6MTYyNDk5MzAwNiwianRpIjoiZjE1MmU1MzIzYTYxNDRkMmEyODY3NjZjNjczMDM0MjgiLCJ1c2VyX2lkIjoxfQ.wTSiHDFjnppdXtvksHbuQPBTQ4PzoBYL61DY76gU9x0", "created_at": "2021-06-19T18:56:46.868Z", "expires_at": "2021-06-29T18:56:46Z"}}, {"model": "token_blacklist.outstandingtoken", "pk": 34, "fields": {"user": 1, "jti": "637a232b173341e59fc1a51dd2321720", "token": "eyJ0eXAiOiJKV1QiLCJhbGciOiJIUzI1NiJ9.eyJ0b2tlbl90eXBlIjoicmVmcmVzaCIsImV4cCI6MTYyNDk5MzE3NiwianRpIjoiNjM3YTIzMmIxNzMzNDFlNTlmYzFhNTFkZDIzMjE3MjAiLCJ1c2VyX2lkIjoxfQ.W0I5QdUMNGDOhk5J2hiB51qKt6YC45N_KLcE4wwZtfY", "created_at": "2021-06-19T18:59:36.560Z", "expires_at": "2021-06-29T18:59:36Z"}}, {"model": "token_blacklist.outstandingtoken", "pk": 35, "fields": {"user": 1, "jti": "fb67fc3e80c94f7796c40c12141983ea", "token": "eyJ0eXAiOiJKV1QiLCJhbGciOiJIUzI1NiJ9.eyJ0b2tlbl90eXBlIjoicmVmcmVzaCIsImV4cCI6MTYyNDk5NzM3MywianRpIjoiZmI2N2ZjM2U4MGM5NGY3Nzk2YzQwYzEyMTQxOTgzZWEiLCJ1c2VyX2lkIjoxfQ.em838OZBQL92RZxjOUiwnpA9yzOV0GQqvth6Ypg9Rig", "created_at": "2021-06-19T20:09:33.431Z", "expires_at": "2021-06-29T20:09:33Z"}}, {"model": "token_blacklist.outstandingtoken", "pk": 36, "fields": {"user": 1, "jti": "c618ad81d1ca445b94534667a8a8cbe5", "token": "eyJ0eXAiOiJKV1QiLCJhbGciOiJIUzI1NiJ9.eyJ0b2tlbl90eXBlIjoicmVmcmVzaCIsImV4cCI6MTYyNDk5Nzk2NSwianRpIjoiYzYxOGFkODFkMWNhNDQ1Yjk0NTM0NjY3YThhOGNiZTUiLCJ1c2VyX2lkIjoxfQ.HV9QH_OpMOkQuVorWWLMOMWo6MpEEWOLlT3SKaieQJo", "created_at": "2021-06-19T20:19:25.488Z", "expires_at": "2021-06-29T20:19:25Z"}}, {"model": "token_blacklist.outstandingtoken", "pk": 37, "fields": {"user": 5, "jti": "a05996b6b0f84acc85c9ead9c82c661e", "token": "eyJ0eXAiOiJKV1QiLCJhbGciOiJIUzI1NiJ9.eyJ0b2tlbl90eXBlIjoicmVmcmVzaCIsImV4cCI6MTYyNTk0MjA3MywianRpIjoiYTA1OTk2YjZiMGY4NGFjYzg1YzllYWQ5YzgyYzY2MWUiLCJ1c2VyX2lkIjo1fQ.4rW0kknItHaKfey_D0b6BhdQN6KfYxs_3URHHNrEJzk", "created_at": "2021-06-30T18:34:33.889Z", "expires_at": "2021-07-10T18:34:33Z"}}, {"model": "token_blacklist.outstandingtoken", "pk": 38, "fields": {"user": 5, "jti": "3d1866ff4a43450ea5123489c1cbd6ae", "token": "eyJ0eXAiOiJKV1QiLCJhbGciOiJIUzI1NiJ9.eyJ0b2tlbl90eXBlIjoicmVmcmVzaCIsImV4cCI6MTYyNTk0MjMzMywianRpIjoiM2QxODY2ZmY0YTQzNDUwZWE1MTIzNDg5YzFjYmQ2YWUiLCJ1c2VyX2lkIjo1fQ.9BxDYwxhmHGVzNY-jYTRyG5sB26z3QGP9F_KOu6tXP8", "created_at": "2021-06-30T18:38:53.359Z", "expires_at": "2021-07-10T18:38:53Z"}}, {"model": "token_blacklist.outstandingtoken", "pk": 39, "fields": {"user": 5, "jti": "404403bb07274fc883647a4c3874e857", "token": "eyJ0eXAiOiJKV1QiLCJhbGciOiJIUzI1NiJ9.eyJ0b2tlbl90eXBlIjoicmVmcmVzaCIsImV4cCI6MTYyNTk0MzE3OCwianRpIjoiNDA0NDAzYmIwNzI3NGZjODgzNjQ3YTRjMzg3NGU4NTciLCJ1c2VyX2lkIjo1fQ.GUISE-_JpBFC7KfWrfCd1YveHg6enFHOs4Qv2HxL2HI", "created_at": "2021-06-30T18:52:58.304Z", "expires_at": "2021-07-10T18:52:58Z"}}, {"model": "token_blacklist.outstandingtoken", "pk": 40, "fields": {"user": 5, "jti": "48332d15e8c940a59fb33833c295577b", "token": "eyJ0eXAiOiJKV1QiLCJhbGciOiJIUzI1NiJ9.eyJ0b2tlbl90eXBlIjoicmVmcmVzaCIsImV4cCI6MTYyNTk0MzIwMSwianRpIjoiNDgzMzJkMTVlOGM5NDBhNTlmYjMzODMzYzI5NTU3N2IiLCJ1c2VyX2lkIjo1fQ.JPQup6C1QiLMyuYGe7TRm0PujaMljhaGHDc4EWgSSKc", "created_at": "2021-06-30T18:53:21.358Z", "expires_at": "2021-07-10T18:53:21Z"}}, {"model": "token_blacklist.outstandingtoken", "pk": 41, "fields": {"user": 5, "jti": "e23898475cf04b96aeeec2832654457a", "token": "eyJ0eXAiOiJKV1QiLCJhbGciOiJIUzI1NiJ9.eyJ0b2tlbl90eXBlIjoicmVmcmVzaCIsImV4cCI6MTYyNTk0MzQzMSwianRpIjoiZTIzODk4NDc1Y2YwNGI5NmFlZWVjMjgzMjY1NDQ1N2EiLCJ1c2VyX2lkIjo1fQ.QGT0gkABt3Dg77IvWyjVSamtTvadXqO7mD2XbPr6AAc", "created_at": "2021-06-30T18:57:11.584Z", "expires_at": "2021-07-10T18:57:11Z"}}, {"model": "token_blacklist.outstandingtoken", "pk": 42, "fields": {"user": 5, "jti": "9ae5e345a5364473a036dc0fc562f4fa", "token": "eyJ0eXAiOiJKV1QiLCJhbGciOiJIUzI1NiJ9.eyJ0b2tlbl90eXBlIjoicmVmcmVzaCIsImV4cCI6MTYyNjI1NTk3NCwianRpIjoiOWFlNWUzNDVhNTM2NDQ3M2EwMzZkYzBmYzU2MmY0ZmEiLCJ1c2VyX2lkIjo1fQ.IGodM7jyvWyKNS5aPP6TfuM-z4UF_a22czmZZlJCUXU", "created_at": "2021-07-04T09:46:14.144Z", "expires_at": "2021-07-14T09:46:14Z"}}, {"model": "token_blacklist.outstandingtoken", "pk": 43, "fields": {"user": 5, "jti": "32c0643340a44a8d87f4e891da9bdea2", "token": "eyJ0eXAiOiJKV1QiLCJhbGciOiJIUzI1NiJ9.eyJ0b2tlbl90eXBlIjoicmVmcmVzaCIsImV4cCI6MTYyNjI1NjQxNCwianRpIjoiMzJjMDY0MzM0MGE0NGE4ZDg3ZjRlODkxZGE5YmRlYTIiLCJ1c2VyX2lkIjo1fQ.7-LDQj6oi6ZS27nbdsWuXjPXrcmSdboISfxAjqu7Q0k", "created_at": "2021-07-04T09:53:34.153Z", "expires_at": "2021-07-14T09:53:34Z"}}, {"model": "token_blacklist.outstandingtoken", "pk": 44, "fields": {"user": 5, "jti": "64fc14080092496f90b0c02ca50c7cd5", "token": "eyJ0eXAiOiJKV1QiLCJhbGciOiJIUzI1NiJ9.eyJ0b2tlbl90eXBlIjoicmVmcmVzaCIsImV4cCI6MTYyNjI1Njk2MCwianRpIjoiNjRmYzE0MDgwMDkyNDk2ZjkwYjBjMDJjYTUwYzdjZDUiLCJ1c2VyX2lkIjo1fQ.ZLFxzTV7-y3RLlSiqf5fsDkobnhYULOnak4Po1dTXs4", "created_at": "2021-07-04T10:02:40.583Z", "expires_at": "2021-07-14T10:02:40Z"}}, {"model": "token_blacklist.blacklistedtoken", "pk": 1, "fields": {"token": 5, "blacklisted_at": "2021-06-14T23:10:51.348Z"}}, {"model": "token_blacklist.blacklistedtoken", "pk": 2, "fields": {"token": 6, "blacklisted_at": "2021-06-14T23:11:26.563Z"}}, {"model": "token_blacklist.blacklistedtoken", "pk": 3, "fields": {"token": 7, "blacklisted_at": "2021-06-15T18:34:13.633Z"}}, {"model": "token_blacklist.blacklistedtoken", "pk": 4, "fields": {"token": 14, "blacklisted_at": "2021-06-18T21:52:13.776Z"}}, {"model": "token_blacklist.blacklistedtoken", "pk": 5, "fields": {"token": 17, "blacklisted_at": "2021-06-18T22:50:21.798Z"}}, {"model": "token_blacklist.blacklistedtoken", "pk": 6, "fields": {"token": 19, "blacklisted_at": "2021-06-18T22:52:56.472Z"}}, {"model": "token_blacklist.blacklistedtoken", "pk": 7, "fields": {"token": 37, "blacklisted_at": "2021-06-30T18:34:40.850Z"}}, {"model": "token_blacklist.blacklistedtoken", "pk": 8, "fields": {"token": 38, "blacklisted_at": "2021-06-30T18:38:55.862Z"}}, {"model": "token_blacklist.blacklistedtoken", "pk": 9, "fields": {"token": 39, "blacklisted_at": "2021-06-30T18:53:03.221Z"}}, {"model": "token_blacklist.blacklistedtoken", "pk": 10, "fields": {"token": 40, "blacklisted_at": "2021-06-30T18:53:28.370Z"}}, {"model": "token_blacklist.blacklistedtoken", "pk": 11, "fields": {"token": 41, "blacklisted_at": "2021-06-30T18:57:22.282Z"}}]
